id;name;url;type
1;Savings Account;https://marshall.name;MENU
2;bandwidth Supervisor Euro;http://elna.biz;MENU
3;Florida COM Investor;http://karolann.info;MENU
4;Streamlined;https://alexis.org;MENU
5;Forward Home Loan Account;http://minnie.biz;ELEMENT
6;Producer plum;https://gabe.info;ELEMENT
7;sky blue Checking Account;https://aaliyah.info;MENU
8;out-of-the-box Sausages;http://jayden.com;MENU
9;Rhode Island;https://eden.biz;ELEMENT
10;Incredible Metal Cheese Face to face Isle;https://antoinette.name;MENU
